idUnified,Li,Na,K,Mg,Ca,Cl,SO4,HCO3,Temperature
0,0.0246,288.6,35.5,9.000001,54.8,48,272,558.800001,140
1,0.0896,410,39.4,5.600001,26,65,392.6,595.400001,162
2,0.12,680,70,6.100001,42,115,34,,155
3,0.38,230,7.4,0.100001,35,,,,95
4,0.42,506,55,4.900001,11.6,80,471,,163
5,0.42,532,62,5.800001,6.4,80,456,,160
6,0.42,523,58,4.600001,8.4,81,446,,150
7,0.75,100,10,,,2,290,,100
8,1.2,435,39,,260,28,15,2284.000001,143
9,1.4,455,23,0.100001,17.9,545,229,38.000001,169
10,1.4,535,22,0.240001,50,,,,147
11,1.4,565,31,0.220001,1,632,30,,160
12,1.4,1460,44,4.900001,22.5,220,685,,100
13,1.4,455,23,0.100001,17.9,545,229,38.000001,169
14,1.5,850,36,0.320001,45,,,,154
15,1.5,257,24,0.430001,35,282,330,549.000001,141
16,1.5,318,77,0.130001,11.6,387,148,121.000001,131
17,1.6,443,41,0.100001,20,525,261,,212
18,1.6,466,47.1,0.100001,18.8,547,238,,205
19,1.6,443,41,0.100001,20,525,261,,212
20,1.6,466,47.1,0.100001,18.8,547,238,,205
21,1.6,380,29,,,192,,,124
22,1.62,750,75,12.000001,12,76,1350,,116
23,1.7,488,57.4,0.100001,12.3,585,251,13.000001,215
24,1.7,488,57.4,0.100001,12.3,585,251,13.000001,215
25,1.9,1500,42,1.700001,110,,,,136
26,1.95,206,9,0.500001,2,201,,,135
27,2,900,67,0.100001,41,,,,154
28,2,723,42,1.600001,41,,,,170
29,2.05,190,7,1.000001,30,201,,,116
30,2.09,205,9,0.500001,6,212,,,104
31,2.1,475,63.3,0.200001,20.6,640,154,11.000001,217
32,2.1,475,63.3,0.200001,20.6,640,154,11.000001,217
33,2.1,375,37,,,372,97,198.000001,260
34,2.2,437,47,1.100001,20,417,320,,158
35,2.3,1200,130,0.360001,58,,,,199
36,2.4,265,30,0.180001,7.8,269,102,391.000001,180
37,2.4,695,120,0.150001,3.7,1100,46,,258
38,2.5,375,35,0.060001,1,355,12,,150
39,2.6,502,89,0.100001,8.4,785,95,,238
40,2.6,510,73,0.100001,9.2,732,191,61.000001,241
41,2.6,360,15,0.040001,1.2,240,16,493.000001,169
42,2.6,532,48,0.120001,16,475,60,352.000001,100
43,2.6,491,39,0.260001,17,617,118,13.000001,173
44,2.6,502,89,0.100001,8.4,785,95,,238
45,2.6,510,73,0.100001,9.2,732,191,61.000001,241
46,2.8,514,93.3,0.100001,14.2,758,108,36.000001,246
47,2.8,514,93.3,0.100001,14.2,758,108,36.000001,246
48,3,1100,100,3.600001,20,228,153,,162
49,3.1,254,40.2,0.150001,1,301,64,,234
50,3.1,550,54,0.020001,1,546,142,,225
51,3.3,933,126,0.040001,3.1,1369,12,210.000001,100
52,3.5,270,11,0.020001,1.26,278,19.1,177.000001,174
53,3.6,1190,145,0.030001,19,1865,11,50.000001,100
54,3.62,1335,154,0.240001,0.95,58,704,,205
55,3.62,1340,138,0.150001,1.2,140,730,,205
56,3.7,16500,120,30.000001,130,23800,25,582.000001,103
57,3.96,1134,131,0.270001,1.15,46,644,,196
58,3.96,1220,116,0.360001,1.2,124,560,,196
59,4,1400,125,0.300001,13,,,,182
60,4.09,1214,132,0.180001,0.42,100,337,,195
61,4.09,1300,138,0.230001,2,128,773,,195
62,4.43,1245,151,0.290001,3.65,49,656,,211
63,4.43,1400,148,0.240001,3.2,136,714,,211
64,4.45,1410,152,0.200001,1.2,144,737,,207
65,4.5,1280,135,0.200001,2.5,117,770,1860.000001,200
66,4.5,846,105,0.025001,9.9,,,,230
67,4.55,2270,263,19.000001,221,4083,46,396.000001,210
68,4.58,1330,140,0.150001,1.6,140,676,,201
69,4.58,1375,140,0.150001,1.6,140,710,,201
70,4.9,1400,146,,,1142,,1410.000001,244
71,5,1143,220,9.000001,96,1691,393,201.000001,163
72,5,1241,254,5.000001,51,1639,332,100.000001,178
73,5.03,2141,273,0.070001,63,3615,34,19.000001,248
74,5.17,2396,300,0.050001,66,4000,43,24.000001,241
75,5.18,2444,304,0.050001,65,3981,46,20.000001,240
76,5.2,936,131,0.190001,12.3,1474,136,46.000001,248
77,5.28,2027,79,3.100001,12.8,165,1843,,182
78,5.3,688,119,0.320001,2,1220,11,,256
79,5.35,745,123,0.160001,2.6,1234,9,,258
80,5.36,2307,285,0.170001,75,3861,47,22.000001,238
81,5.41,2433,293,0.060001,60,4059,38,34.000001,244
82,5.42,2675,326,0.120001,117,4570,49,12.000001,239
83,5.43,2566,321,0.070001,104,4331,43,14.000001,241.7
84,5.5,740,130,0.390001,1.1,1262,10.5,,262
85,5.5,2400,270,19.500001,228,4150,70,370.000001,210
86,5.52,2568,328,0.020001,85,4331,35,7.000001,228.7
87,5.53,2434,304,0.190001,80,4064,47,24.000001,238
88,5.57,2352,299,0.060001,74,3941,47,24.000001,236.8
89,5.57,2434,301,0.180001,89,4155,43,21.000001,239
90,5.58,2526,319,0.050001,73,4285,33,16.000001,244
91,5.58,2546,319,0.080001,94,4355,46,14.300001,238.7
92,5.67,2506,313,0.090001,70,4115,40,23.000001,235
93,5.71,2535,323,0.040001,68,4254,52,13.000001,245
94,5.73,2513,304,0.080001,96,4174,37,19.000001,237
95,5.77,2228,269,0.080001,59,3805,59,24.000001,237
96,5.78,2503,288,0.110001,75,4124,52,30.000001,236
97,5.78,2522,321,0.080001,82,4240,42,21.000001,241
98,5.82,2324,297,0.690001,63,3943,61,88.000001,235
99,5.83,2462,313,0.050001,54,4046,50,24.000001,240
100,5.9,2446,299,0.300001,71,4110,66,29.000001,229
101,5.93,2485,301,0.070001,62,4099,38,44.000001,244.2
102,5.95,2391,289,0.090001,77,3992,46,26.000001,232
103,5.97,2298,279,0.370001,67,3885,52,34.000001,227
104,6,1100,90,1.100001,14,233,170,,172
105,6,896,29,,,15,26.2,2296.000001,195
106,6.01,2249,276,0.090001,81,3845,34,27.000001,239.5
107,6.02,2305,267,0.140001,72,3861,62,27.000001,232
108,6.03,2391,273,0.010001,67,3981,51,32.000001,231
109,6.07,2519,282,0.270001,82,4238,58,22.000001,235
110,6.08,2536,324,0.050001,72,4195,39,22.000001,241
111,6.08,2469,323,0.050001,75,4199,40,19.000001,243
112,6.11,2386,297,0.030001,77,4014,42,23.000001,232.9
113,6.15,2464,288,0.060001,67,4115,34,45.000001,246.2
114,6.16,2453,292,0.130001,76,4129,72,42.000001,233
115,6.17,2458,309,0.070001,71,4122,45,32.000001,240
116,6.19,2413,304,0.090001,69,4050,54,31.000001,241
117,6.2,570,85,7.460001,8.55,528,45,555.000001,277
118,6.23,2355,282,0.060001,72,3978,59,31.000001,236
119,6.26,2442,308,0.080001,62,4118,53,26.000001,244
120,6.28,2402,288,0.050001,67,3969,44,30.000001,239
121,6.29,2448,290,0.060001,87,4113,44,24.000001,239.1
122,6.29,2393,305,0.100001,67,4025,60,40.000001,235
123,6.3,510,80,1.000001,14,443,133,909.000001,100
124,6.3,580,80,1.000001,5,464,127,884.000001,135
125,6.34,2372,308,0.070001,66,3945,46,20.000001,239
126,6.39,2441,287,0.060001,64,4063,49,36.000001,240
127,6.4,790,90,0.050001,10,1310,86,,238
128,6.4,580,60,1.300001,4.3,443,119,669.000001,100
129,6.5,700,110,,2.4,475,126,623.000001,125
130,6.6,860,155,0.060001,10,1450,52,,240
131,6.6,580,80,,4.3,448,118,428.000001,110
132,6.69,2495,294,0.070001,60,4098,44,38.000001,247.5
133,7.6,3279,673,,239,6261,,39.300001,287
134,7.6,3568,766,0.180001,198,6613,,46.000001,293
135,7.8,1168,135,,38,2049,92,42.000001,220
136,8,716,143,0.070001,1.5,1188,5,87.000001,260
137,8,1335,45,,,1586,,,232
138,8.24,2485,308,0.090001,102,4325,40,23.000001,237
139,9.1,708,60,,,1211,13,45.000001,230
140,9.5,762,69,0.400001,6.8,1054,28,394.000001,209
141,9.5,910,142,0.050001,1.1,1244,11.5,553.000001,280
142,9.6,890,150,0.100001,2.1,1262,6,,250
143,9.6,910,142.5,0.050001,1.1,1244,11.5,134.000001,280
144,9.7,818,69,0.160001,5.4,1155,29,258.000001,220
145,10,1510,198,0.130001,2.8,1546,25,1820.000001,274
146,10,1000,224,0.007001,4.82,1778,5.5,115.000001,291
147,10.4,4051,823,0.150001,218,7153,,35.000001,286
148,10.4,876,78,0.130001,2.5,1211,25,458.000001,225
149,10.5,880,175,0.700001,2,1482,6,218.000001,297
150,10.7,900,78,1.400001,29,1658,20,,225
151,10.8,4500,828,1.100001,247,8100,,48.700001,275
152,10.8,1810,155,90.000001,418,3425,272,655.000001,137
153,10.9,1065,152,,4.6,1701,43,230.000001,278
154,11.1,1396,289,0.158001,9.9,,,,300
155,11.2,3750,816,0.260001,193,6873,,44.500001,290
156,11.2,4599,1278,0.090001,224,8733,1.9,28.900001,324
157,11.2,1110,237,0.180001,9,1985,4,250.000001,290
158,11.4,975,232,0.100001,3,1858,3.5,157.000001,273
159,11.4,1075,222,0.080001,2.9,1844,3.5,,260
160,11.5,1060,207,0.130001,5.7,1750,7.1,310.000001,298
161,11.7,1050,210,0.100001,2.2,,,,260
162,11.7,4128,960,0.140001,194,7463,,33.600001,302
163,11.7,3905,1016,0.040001,147,7179,5.1,37.900001,345
164,11.7,891,77,0.090001,2.5,1260,40,271.000001,224
165,11.7,1050,224,0.080001,2.2,1743,8,178.000001,287
166,11.8,1075,218,0.020001,3,1851,29,282.000001,273
167,11.8,4008,1000,0.070001,164,7273,1.9,46.900001,310
168,11.8,950,206,0.050001,2.5,1720,20.6,175.000001,272
169,12.2,1045,213,0.800001,3,1801,6,174.000001,281
170,12.2,1020,218,0.920001,7.3,1794,10,78.000001,271
171,12.3,4880,1087,0.290001,256,8945,,38.500001,299
172,12.4,3675,876,1.000001,268,6810,20,,100
173,12.4,1175,172,0.005001,24,2113,23,,233
174,12.6,980,200,0.015001,2.4,1668,6.5,162.000001,276
175,12.6,1300,192,0.020001,23,2140,33,,240
176,12.6,1320,150,,27,2106,22,,222
177,12.7,930,203,0.350001,2,1709,4,134.000001,294
178,13.1,4600,899,0.820001,231,8265,,33.300001,282
179,13.2,1250,210,0.040001,12,,,,250
180,13.2,4990,1110,,324,9179,,37.700001,297
181,13.2,1200,200,0.005001,17.5,2156,25,,247
182,13.4,1200,200,0.005001,20,2170,27,,249
183,13.5,5010,1573,0.300001,242,9994,1.5,16.400001,340
184,13.8,5094,1449,0.200001,243,9525,,25.100001,327
185,13.8,1275,223,0.070001,14,2222,30,,225
186,13.8,1300,220,0.005001,18,2215,35,,245
187,14,1480,132,0.570001,51,,,,205
188,14.2,4767,1092,0.210001,260,8856,,38.900001,300
189,14.2,1320,225,0.005001,17,2260,36,,244
190,14.5,6382,1551,0.600001,592,11918,,28.000001,292
191,14.9,4639,1446,0.130001,190,8508,,23.900001,339
192,15,20500,180,170.000001,1800,34500,16,356.000001,150
193,15,1800,380,0.290001,12.4,3110,33,181.000001,243
194,15,2000,400,0.290001,12.2,3260,32,181.000001,243
195,15,1300,234,0.013001,1.4,1823,6,910.000001,279
196,15.3,5472,1422,0.090001,332,10142,3,23.500001,315
197,15.4,6400,650,,,1348,,,137
198,15.5,6429,1176,18.600001,347,11735,15,303.000001,350
199,15.5,4828,849,0.850001,314,8591,,41.800001,271
200,15.7,5244,1172,0.240001,301,9557,,38.400001,297
201,15.9,5040,1170,0.210001,271,9252,,35.000001,302
202,16,1887.5,415,0.037001,47.7,3320.5,30,54.900001,279.85
203,16,2000,400,0.290001,12.2,3260,32,181.000001,243
204,16.5,4250,900,0.520001,306,8047,,42.900001,291
205,17,1725,395,0.024001,7.2,2928.1,34.5,74.400001,299.85
206,17,39839,6250,34.000001,20630,103000,12,76.000001,281
207,17.1,1900,111,1.300001,99,3048,177,111.000001,180
208,17.1,1900.7,421.9,0.037001,49.6,3565,25.3,56.200001,279.85
209,17.1,6267,1660,0.250001,299,11932,2.5,14.300001,318
210,19,1700,435,0.036001,5.2,3092.7,24,29.300001,299.85
211,20.3,1776,386.2,0.170001,47.8,3219,25,88.000001,279.85
212,21,1481,422.8,0.027001,7.2,2808.2,26.5,75.700001,299.85
213,22,1815,395,0.032001,45,3151.5,25,61.000001,279.85
214,22.7,1911.5,476.6,0.066001,34.5,3678,16.9,66.000001,279.85
215,22.9,8000,1900,0.500001,505,,,,295
216,23,1541,445.2,0.037001,5.6,2979.5,19.3,7.300001,299.85
217,23.2,1880,394,0.050001,48.3,3309.2,25.9,59.800001,279.85
218,23.8,1838,420,0.310001,53.5,3369.6,26.7,59.800001,279.85
219,25,2070,384,0.280001,11,,,,268
220,25,709,135,0.130001,2.1,1020,,,255
221,25.3,2320,461,2.000001,8,3860,72,232.000001,260
222,28,2340,419,,6.8,,,,268
223,28,4537,193,3.700001,228,7774,62,81.000001,229
224,28.3,1644,470,0.030001,8.9,3067,18.4,32.900001,299.85
225,28.5,1570,465,0.130001,7.1,2925,14.4,44.000001,299.85
226,28.5,1596,428,0.060001,10.2,2837,24.8,88.000001,299.85
227,28.5,1611,418,0.016001,7.5,2913,30,77.000001,299.85
228,29,1842,447,0.037001,23.7,3263,84.4,30.000001,291.85
229,29.5,1578,410,0.030001,10,2874.4,28.7,82.400001,299.85
230,29.5,1880,470,0.070001,31.9,3369.6,21,96.000001,279.85
231,30,1550,410,0.018001,8.2,3106,27.6,66.000001,299.85
232,30.2,4480,420,1.100001,270,7943,64,29.000001,211
233,30.5,1656,457,0.025001,7.2,3072,18.7,31.700001,299.85
234,31,37452,7273,37.000001,23928,106000,32,66.000001,265
235,31.1,3512,168,2.080001,268,6160,60,12.000001,253
236,31.3,2000,500,0.080001,28,3576,18.9,80.300001,279.85
237,31.5,1725,400,0.022001,8.4,2759,28.6,70.700001,299.85
238,31.6,3450,580,0.110001,146,6130,23,29.000001,240
239,33,2000,630,0.041001,7.3,3918,14.6,56.100001,323.85
240,33,13000,500,1500.000001,400,20000,2500,102.000001,344
241,33,11250,3060,0.600001,885,22160,75,,100
242,35,1950,570,0.041001,7.3,4021,12,44.800001,323.85
243,40,10600,1250,74.000001,1130,19700,651,1880.000001,200
244,42,5080,663,0.820001,272,9134,49,53.000001,226
245,43.9,4795,799,0.720001,253,8986,31,40.000001,236
246,44,5000,684,1.000001,280,8360,45,65.000001,212
247,44.9,4900,825,0.150001,208,8716,32,41.000001,240
248,45,9130,1180,15.200001,1020,,,,190
249,45.1,4850,778,0.240001,163,8450,62,69.000001,247
250,45.2,4840,830,0.160001,211,8790,30,40.000001,250
251,128,41200,6600,95.000001,17900,,,,230
252,135,42700,6500,99.000001,18200,,,,215
253,141,42000,8600,80.000001,20000,,,,215
254,210,53000,16500,10.000001,28800,,,,300
255,215,50400,17500,54.000001,28000,155000,5,,340
256,,100.5,6.1,0.047001,1.26,40.9,69.5,,152
257,,185.4,13.1,5.650001,24.2,107.7,83.1,,160
258,,62.6,1.62,0.042001,1.54,24,28.2,,86
259,,159.6,4.58,0.150001,30.3,246.7,53.5,,90
260,,136.1,2.88,1.00E-06,11.3,171.7,67.6,,68
261,,93.7,1.75,0.026001,4.56,57.5,90,,92
262,,34,0.74,0.079001,2.34,14.2,12.7,,75
263,,42.1,1.08,0.060001,2.08,10.5,17.1,,85
264,,41.6,1.71,0.075001,2.03,18.4,13.6,,93
265,,57.1,2.6,0.024001,2.56,36.4,19.4,,130
266,,355.5,10,0.100001,139,670.8,204.8,,126
267,,105.7,3.74,0.047001,10.7,109.9,71.4,,109
268,,159,10.1,0.030001,8.37,152.2,58.2,,157
269,,387.5,19.6,0.072001,67.1,658.5,122.5,,126
270,,141.4,4.2,0.100001,23.7,139.5,144.9,,96
271,,61.9,2.14,0.056001,2.56,7.6,58,,72
272,,72.5,2.32,0.050001,1.62,25.6,45.9,,92
273,,43,0.82,0.100001,1.56,9.6,10.9,,79
274,,37,0.61,0.032001,2.39,9.6,8,,67
275,,51,1.46,0.064001,2.88,11.3,38.9,,97
276,,51.5,1.26,1.00E-06,2.36,18.8,34.3,,67
277,,47.4,0.55,0.049001,1.96,4.7,13.9,,67
278,,63.4,0.85,0.008001,4.92,42.2,47.5,,59
279,,244.2,27.6,0.660001,15.4,263.8,55.3,,173
280,,48.7,0.93,0.002001,3.24,10.6,53.5,,63
281,,58.6,2.12,0.060001,2.8,32.5,33,,109
282,,485.8,36.5,20.800001,79.9,69.5,43.1,,63
283,,8037,1245,1.620001,1343,17010,40.5,,242
284,,11150,1720,1.440001,1705,22835,28.4,,292
285,,109.7,5.54,0.055001,2.68,77.7,72.6,,133
286,,102.2,6.21,0.048001,1.28,41.6,70.7,,152
287,,153.3,13.4,0.002001,1.73,109.5,43.7,,181
288,,193.9,29,0.064001,2.54,28,194.5,,240
289,,193,36,0.067001,1.9,52,143,,340
290,,158.6,25.5,0.046001,2.81,16.3,42.2,,276
291,,154.8,24,0.085001,4.52,16.6,48.7,,246
292,,167,24.2,0.030001,1.9,8.4,49.6,,271
293,,187.5,22.4,0.030001,2.3,23.9,193,,210
294,,187.4,26.6,0.004001,0.5,21.1,102.7,,300
295,,370,86.4,4.700001,1.2,593,67.5,14.400001,300
296,,290,62,0.480001,0.41,463,82.5,42.900001,300
297,,19100,5340,9.800001,2310,38600,49.8,,300
298,,10100,2090,2.900001,1270,20700,22.5,,290
299,,13400,3120,2.600001,2500,27100,40.8,,280
300,,9100,1520,1.400001,1290,18400,31.4,,250
301,,13400,4130,2.100001,1500,27800,22.1,,320
302,,18100,5200,13.300001,2000,35600,36.5,,330
303,,15100,4850,14.000001,1490,31100,54.1,,330
304,,11500,2480,2.600001,1970,24100,28.2,,300
305,,4530,736,,308,8172,21,21.000001,232
306,,935,93,1.000001,5,89,621,2000.000001,205
307,,360,64.2,0.040001,3.09,464,108,360.000001,290
308,,437,54.4,0.020001,4.71,665,126,46.000001,290
309,,425,50.1,0.080001,4.96,464,101,94.000001,290
310,,200,43.4,0.040001,0.51,240,21,140.000001,300
311,,251,38.3,3.940001,12.7,151,130,60.000001,305
312,,247,58.8,0.130001,1.21,367,76,36.000001,315
313,,67,23.5,0.790001,19.1,15.6,135,56.000001,295
314,,214,42.9,0.030001,0.36,278,2.5,1.00E-06,290
315,,671,126,0.470001,1.78,779,232,41.000001,310
316,,620,124,1.600001,9.3,885,46,118.000001,310
317,,1048,21.3,0.350001,2.24,307,54,1436.000001,335
318,,240,46.8,0.110001,0.57,326,7.8,128.000001,295
319,,16250,140,70.000001,380,24000,43,361.000001,94
320,,13000,90,25.000001,130,18100,57,556.000001,105
321,,14000,90,35.000001,160,19600,59,632.000001,102
322,,12500,100,30.000001,170,19600,59,484.000001,106
323,,23250,220,95.000001,610,35200,11,302.000001,122
324,,13250,72,48.000001,330,21000,42,200.000001,128
325,,18250,190,170.000001,1230,29300,7.7,506.000001,154
326,,24000,300,235.000001,2000,40500,0.6,317.000001,127
327,,159,3.66,0.079001,31.1,235.2,59.1,,75
328,,10276,1585,1.327001,1571,21045,,,244
329,,98.5,22.5,0.002001,0.08,84,1.8,,300
330,,893,79,0.110001,3,1260,18,185.000001,230
331,,995,142,0.040001,17,1675,30,,240
332,,675,130,0.011001,1,964,41,376.000001,260
333,,1750,216,0.110001,59,2910,40,27.000001,250
334,,933,231,0.012001,15,1810,31,51.000001,295
335,,5600,1260,0.270001,333,10500,14,40.000001,280
336,,3580,1090,0.200001,128,6780,16,12.000001,330
337,,38400,13400,10.000001,22010,118400,4,140.000001,330
338,,42000,6000,700.000001,8532,52000,447,38.000001,359
339,,6300,577,190.000001,760,11159,528,256.000001,150
340,,1264,145,0.100001,3.1,98,705,2126.000001,201
341,,16640,1280,71.000001,2920,33600,150,84.000001,171
342,,1625,81,2.200001,3.6,1714,45,1263.000001,203
343,,1801,210,0.500001,,1848,51,1598.000001,218
344,,1770,172,,1.6,1819,72,1342.000001,232
345,,2766,232,0.150001,232,5083,88,,239
346,,2900,622,0.180001,37,5352,24,,289
347,,4942,975,0.150001,201,8539,11.4,,296
348,,1650,246,0.430001,28,2867,89.7,,298
349,,2695,711,0.040001,5,4914,8.9,,305
350,,3201,731,0.150001,6,5659,4.5,,295
351,,3104,496,0.270001,253,5679,87.7,,250
352,,1948,558,,7.4,3590,29,,314
353,,1675,399,,8.8,2920,16.6,,294
354,,1656,430,,9.1,3070,19.3,,300
355,,1741,429,,3.6,3150,21.5,,303
356,,1680,451,,10,3030,21.8,,305
357,,1586,365,,8.5,2850,42.6,,286
358,,1765,406,,13.4,3000,26.1,,280
359,,1507,355,,12,2770,26.2,,285
360,,1661,366,,9.3,2940,28.5,,274
361,,1572,394,,12.8,2840,28,,290
362,,1724,479,,5.8,3150,27.5,,312
363,,1633,387,,7.4,2880,29.1,,294
364,,1445,343,,8.1,2610,26.5,,288
365,,1580,357,,5.3,2800,28.5,,289
366,,1537,412,,8.1,2710,25.3,,302
367,,2150,390,0.600001,9.2,3650,78,,268
368,,2200,410,0.080001,6.9,3650,60,,268
369,,1900,216,4.000001,107,2880,85,615.000001,204
370,,1780,440,1.000001,69.1,2860,120,485.000001,225
371,,6670,1110,0.910001,1033,13380,27,,240
372,,8330,1160,1.240001,1150,14650,27.3,,240
373,,168,13.8,0.002001,2.18,142.3,40,,182
374,,164.2,20.72,0.021001,2.15,171.2,37.2,,215
375,,176.8,21.28,0.008001,1.68,186.3,35.2,,225
376,,141.3,28.2,0.005001,0.29,12.8,9.7,,290
377,,89.2,16.98,0.021001,0.39,28.9,22,,320
378,,165.8,33.04,0.017001,1.68,20.9,106.5,,300
379,,193,25.46,0.002001,1.6,43.8,202.4,,215
380,,223.6,46.2,0.002001,1.72,24,182.6,,325
381,,146.2,32.4,0.002001,0.32,68.2,13.5,,295
382,,142.6,30.7,0.006001,0.51,48.2,39.4,,300
383,,560,15.8,0.070001,116,709,482,38.800001,110
384,,2410,186,48.000001,137,4237,51.8,122.200001,220
385,,1620,240,0.400001,82,2827,59,63.200001,230
386,,3750,835,0.430001,67,6777,13,22.000001,297
387,,4670,420,0.150001,900,9160,,74.000001,159
388,,1146,244,,3.5,1897,42,,265
389,,872,86,,48.9,945,56.5,,111
390,,60500,18800,,31100,164900,6,,351
391,,1625,203,,56,2670,60,,235
392,,1607,200,,56,2670,60,,235
393,,616,173,,,,,,184
394,,35,16.6,,,,,,184
395,,241,140,,,,,,154
396,,3609,711,,,,,,220
397,,11793,1653,,,22130,,,247
398,,1666,215,0.400001,98,2847,61,62.600001,225
399,,2520,370,1.900001,160,4849,56.8,30.800001,245
400,,170,16,35.500001,160,,,,100
401,,136,10.8,1.400001,24.6,,,,105
402,,160,8.2,1.400001,15.3,,,,139
403,,9854,1391,1.150001,1531,,,,270
404,,6322,1012,1.270001,906,,,,236
405,,900,78,1.400001,29,,,,230
406,,1173,117,1.190001,6,,,,207
407,,79000,7080,3920.000001,34000,,,,132
408,,52400,551,1360.000001,16800,,,,102
409,,53800,4430,3610.000001,39200,,,,141
410,,52100,519,1660.000001,22200,,,,109
411,,54200,863,2550.000001,41200,,,,129
412,,58300,2030,3740.000001,55600,,,,137
413,,49900,461,2290.000001,29500,,,,116
414,,50100,474,2510.000001,30700,,,,116
415,,48800,625,2550.000001,37200,,,,120
416,,59700,1340,3230.000001,45000,,,,131
417,,40100,333,582.000001,4140,,,,86
418,,53700,750,1640.000001,16800,,,,109
419,,53900,888,2150.000001,28900,,,,125
420,,53600,649,2200.000001,19300,,,,127
421,,46500,6800,2970.000001,30600,,,,154
422,,52400,5980,3010.000001,37400,,,,154
423,,29200,3830,2480.000001,25700,,,,154
424,,52000,6080,3410.000001,37700,,,,154
425,,54000,979,1630.000001,26500,,,,127
426,,61100,854,1830.000001,28800,,,,129
427,,29000,3030,1470.000001,25000,,,,158
428,,53200,635,1880.000001,27300,,,,114
429,,3090,59.4,3.310001,53.8,,,,134
430,,6240,79.4,8.000001,1780,,,,101
431,,3080,75.1,2.050001,8.6,,,,134
432,,13200,88.4,206.000001,797,,,,82
433,,13800,149,88.000001,1700,,,,97
434,,7780,97,18.400001,5030,,,,99
435,,161,69,80.000001,455,,,,70
436,,986,105,3.500001,52,1667,76,41.000001,195
437,,25290,4300,1950.000001,17640,81500,149,134.000001,100
438,,21610,2870,78.000001,7340,50390,25,20.000001,290
439,,22,16,2.100001,9,9,43,36.000001,115
440,,4839,872,22.500001,341,,,,228
441,,68.2,1.4,0.050001,1.9,,,,96
442,,1360,17,12.000001,560,,,,110
443,,149,3.2,0.070001,17.6,,,,72
444,,68.5,3.4,0.030001,4.4,,,,102
445,,74.5,2.7,0.060001,0.7,,,,100
446,,69.3,1.9,0.180001,3.4,,,,99
447,,186,18.3,0.240001,1.6,,,,220
448,,154.7,3.7,0.050001,14.8,,,,63
449,,138.9,5.2,0.040001,10.2,,,,70
450,,1110,31.4,0.300001,252,,,,94
451,,210,13.8,0.220001,10.6,,,,151
452,,680,40.4,0.500001,90.8,,,,183
453,,700,119,0.380001,42.4,,,,258
454,,227,21.5,0.130001,11.5,,,,192
455,,62.2,2.3,0.030001,1.9,,,,136
456,,196,4.2,2.400001,54,,,,74
457,,96.2,2.3,1.00E-06,8.2,,,,69
458,,11920,1700,25.000001,2038,,,,225
459,,166,4.8,0.070001,28.3,,,,84
460,,172,5.1,0.100001,31.4,,,,79
461,,271.5,5.9,0.040001,60.8,,,,83
462,,264,144,8.700001,22.9,,,,240
463,,8487,1969,0.240001,403,,,,299
464,,5199,1551,0.060001,208,,,,315
465,,5405,1956,0.070001,333,,,,343
466,,1452,369.6,0.020001,7.1,,,,278
467,,980,200,0.020001,2.4,,,,258
468,,915,152,0.160001,3.5,,,,278
469,,745,123,0.160001,2.6,,,,262
470,,883,156,0.130001,1,,,,285
471,,688,119,0.320001,2,,,,259
472,,860,155,0.060001,10,,,,275
473,,635,88,0.060001,9,,,,199
474,,1300,192,0.020001,23,,,,220
475,,1300,220,0.040001,18,,,,243
476,,1320,225,0.030001,17,,,,260
477,,1200,200,0.050001,17.5,,,,245
478,,9120,1387,0.870001,1475,17634,17.8,,295
479,,5000,1200,0.330001,284,9370,3.6,,300
480,,9630,1410,1.000001,1550,18800,21,,283
481,,6300,577,190.000001,760,11159,528,256.000001,140
482,,5360,529,58.000001,693,9450,213,305.000001,107
483,,440,31,4.000001,8,223,169,467.000001,122
484,,390,31,4.400001,29,205,202,610.000001,112
485,,395,24,2.700001,27,176,270,622.000001,140
486,,420,27,2.500001,15,164,180,579.000001,131
487,,45.6,12.4,,9.1,37.7,16.7,102.000001,240
488,,34.2,3.8,0.140001,9.7,18.2,17.8,83.400001,240
489,,93.2,5.6,,2.1,42,51.5,,240
490,,36.4,4.2,,26.7,17.3,27.3,162.000001,240
491,,143,8.2,,5.1,69.7,85.8,,240
492,,79,6.7,0.290001,20.8,37,35.9,176.000001,240
493,,127,7.4,0.200001,10.2,62.1,67.1,,240
494,,660,112,,,,,426.000001,256
495,,740,140,,,,,140.000001,308
496,,2440,130,,,,,2886.000001,210
497,,685,54,,,,,910.000001,178
498,,582,70,,,,,632.000001,223
499,,824,159,,,,,419.000001,287
500,,151,14.5,0.120001,0.7,,40,278.000001,100
501,,110,7.2,0.100001,3.2,,39,159.000001,105
502,,625,47.2,0.050001,40.7,998,67.5,19.000001,117
503,,40900,6900,125.000001,17400,,,,200
504,,42100,7000,125.000001,16900,,,,214
505,,124,7.8,0.018001,1.4,,,,130
506,,440,41.5,0.130001,8.3,,,,170
507,,365,12.6,2.900001,27.5,,,,120
508,,184,51,32.000001,3,,,,120
509,,1948,170,0.500001,92,,,,200
510,,6274,1831,0.400001,182,,,,330
511,,2090,195,0.260001,176,,,,203
512,,3500,867,0.170001,139,,,,303
513,,650,150,0.250001,4,,,,315
514,,47,16,27.000001,73,,,,240
515,,833,159,0.470001,16,1404,87,,272
516,,1061,182,0.150001,19,1819,60,,254
517,,1202,210,0.350001,27,2057,73,,252
518,,767,99,0.110001,18,1255,68,,220
519,,832,133,0.110001,18,1387,90,,254
520,,234,126,0.170001,27,313,215,,172
521,,78,36,,85,39,,,132
522,,233,35,,54,258,217,,135
523,,175,16,,1.5,113,39,,192
524,,1570,285,,3.6,2640,49,215.000001,294
525,,1560,280,,3.7,2670,49,190.000001,297
526,,1550,255,,3.5,2501,49,221.000001,278
527,,1540,255,0.200001,4.3,2594,47,236.000001,279
528,,1950,330,,13.6,3257,45,89.000001,267
529,,1910,350,,14.2,3302,37,75.000001,326
530,,1920,310,,13.1,3340,48,139.000001,223
531,,1870,230,,17.2,3151,48,89.000001,260
532,,1850,235,,17.1,3128,48,90.000001,261
533,,462119.1,64127.28,145.830001,,,,,160
534,,475913.7,43403.22,72.915001,,,,,140
535,,452922.7,59435.04,121.525001,,,,,165
536,,464418.2,51614.64,121.525001,,,,,145
537,,475913.7,66473.4,97.220001,,,,,155
538,,565578.6,61781.16,145.830001,,,,,150
539,,478212.8,56697.9,413.185001,,,,,140
540,,2150,390,0.600001,9.2,3650,78,,268
541,,1900,216,4.000001,107,2882,85,615.000001,204
542,,147,12.9,0.002001,1.67,106,42.1,,181
543,,159,21,0.004001,1.32,32,166,,215
544,,162,19.5,0.007001,1.54,170,32.2,,225
545,,145,21.4,0.004001,1.2,31.6,153,,240
546,,6382,989,1.290001,1066,13507,32.2,,240
547,,131,20.3,0.072001,3.83,22.2,41.3,,246
548,,9594,1480,1.240001,1467,19648,24.4,,267
549,,105,20.9,0.011001,1.07,223.4,67.6,,300
550,,150,30.1,0.010001,0.08,39,10.1,,300
551,,79.1,18.8,0.175001,0.78,68,3.67,,312
552,,76.2,6.36,0.001001,0.06,18.8,30.7,,320
553,,111,20.2,0.040001,0.14,48.8,11.8,,340
554,,1400,148,,,122,,,212
555,,1510,116,,,1790,,,106
556,,670,66,,,243,,,105
557,,79,2.02,0.002001,1.69,24.8,52.2,,100
558,,474,11.2,0.204001,560,1458,256,,114
559,,387.2,17.2,0.013001,69.4,795,119.6,,120
560,,56.1,2.13,0.072001,2.79,33.5,14.8,,124
561,,208.7,10.6,0.032001,2.42,333.2,60.3,,145
562,,98.4,5.21,0.029001,1.23,51.7,57,,147
563,,5900,293,100.000001,11600,37000,1195,,200
564,,2740,500,0.220001,2.75,2890,1380,,238
565,,2240,320,1.200001,17.3,2940,360,,209
566,,1760,285,1.100001,15.3,1840,585,,200
567,,1698,342,14.800001,25.4,1531,1150,,120
568,,2360,153,3.500001,23.6,3315,157,,186
569,,2120,286,2.600001,12,3000,250,,187
570,,2370,221,0.060001,11.2,3230,206,,300
571,,2090,195,0.080001,152,3230,106,,200
572,,1008,252,0.030001,116,2750,249,,298
573,,1896,391,2.600001,27.6,1721,1289,,187
574,,4800,297,,117,,,,200
575,,15000,2480,,2520,,,,230
576,,25000,5000,,11000,,,,240
577,,39280,5000,,11000,,,,240
578,,64000,14700,,30400,,,,285
579,,41400,11800,,20900,,,,295
580,,46200,12500,,22800,,,,300
581,,60000,20300,,30400,,,,300
582,,68925,20300,,30400,,,,300
583,,47000,14000,,21200,,,,300
584,,70000,24000,,34470,,,,305
585,,77000,24000,,34470,,,,305
586,,50900,16700,,31900,,,,305
587,,53000,16500,,27800,,,,320
588,,74700,21900,,39700,,,,320
589,,53700,17100,,26300,,,,320
590,,54800,17700,,28500,,,,330
591,,62800,20800,,31500,,,,340
592,,1525,203,0.050001,0.53,132,526,,242
593,,1550,140,0.240001,1.8,140,772,,202
594,,1282,144,0.150001,0.47,100,504,,202
595,,1355,45,16.000001,50,1586,37,,203
596,,1830,189,0.100001,1.6,1359,71,,231
597,,1775,170,0.500001,1.6,1818,74,,230
598,,1420,135,1.700001,12,1500,37,,213
599,,1387,128,6.800001,8.4,1454,46,,221
600,,1775,180,0.100001,3.6,1882,64,,221
601,,1100,132,6.100001,19,855,51,,203
602,,1550,15,243.000001,8,1528,45,,220
603,,1750,105,1.200001,4.8,1819,133,,224
604,,4435,700,,,,,,213
605,,4435,700,,,,,,212.1
606,,4435,700,,,,,,211.8
607,,4400,740,,,,,,217.5
608,,4400,740,,,,,,218.3
609,,4400,740,,,,,,227.3
610,,4400,740,,,,,,238.3
611,,5500,1000,,,,,,250
612,,4900,770,,,,,,195.4
613,,4900,770,,,,,,200
614,,4900,770,,,,,,219.3
615,,3260,387,,,,,,152.4
616,,3260,387,,,,,,162.3
617,,9610,1348,16.000001,1530,19260,30.8,2670.000001,277
618,,947,13.6,,,18,31,2484.000001,173
619,,675,157,0.100001,1,310,282,830.000001,315
620,,758,230,0.500001,5,479,473,375.000001,231
621,,1060,148,0.500001,6,720,168,1300.000001,208
622,,934,150,0.200001,6,454,204,1442.000001,335
623,,670,53,0.400001,6,550,73,536.000001,271
624,,89,20,0.200001,1,21,6,208.000001,110
625,,1015,138,0.400001,3.8,671,131,1647.000001,233
626,,688,223,0.300001,0.8,459,372,854.000001,235
627,,854,47,0.600001,2.6,302,31,1769.000001,226
628,,34.2,3.8,0.140001,9.7,18.2,17.8,83.400001,240
629,,79,6.7,0.290001,2.8,37,35.9,176.000001,240
630,,370,34,0.600001,2.6,260,130,359.000001,170
631,,360,33,0.600001,2.5,250,120,358.000001,175
632,,369,43,0.200001,7.4,280,159,376.000001,202
633,,78000,1065,1140.000001,10250,143000,6.4,450.000001,117
634,,40000,265,270.000001,1860,67900,220,1050.000001,114
635,,54800,6500,3350.000001,33900,170000,161,197.000001,118
636,,1004,66,6.000001,22.5,248,200,2000.000001,115
637,,1004,66,6.000001,22.5,248,200,2000.000001,117
638,,452922.7,59435.04,243.050001,3607.2,524689.6,,,165
639,,600,90,1.500001,5,468,172,799.000001,120
640,,154,16.8,48.200001,65.4,65.7,84,714.000001,126
641,,380,23,7.100001,1.4,282,166,390.000001,148
642,,229,17.9,6.100001,5.8,64.6,85,487.000001,102
643,,175,7,0.150001,5.3,153,33,151.300001,120
644,,75000,1250,1300.000001,6690,132200,465,240.000001,123
645,,387.5,19.6,0.070001,67.1,658.5,122.5,,134
646,,386,19,0.020001,74,634,121,,116
647,,355.5,10,0.100001,139,670.8,204.8,,144
648,,597,14,0.380001,523,1617,305,,117
649,,118,12.1,0.060001,9.5,96,53,165.000001,175
650,,174,11.8,0.880001,45,185,41,300.000001,129
651,,1190,238,,2.46,1952,91,,220
652,,1481,218,0.154001,1.48,1300,105,,220
653,,1465,211,0.008001,1.24,1173,85,,220
654,,1473,218,0.007001,0.54,1966,95,,230
655,,1473,218,0.007001,0.54,1966,95,,249
656,,1634,275,,0.62,2027,96,,230
657,,1606,225,,0.48,1941,93,,230
658,,1606,225,,0.48,1941,93,,253
659,,1544,217,0.142001,0.43,2027,97,,230
660,,1544,217,0.142001,0.43,2027,97,,266
661,,1390,201,0.022001,0.47,1084,89,,233
662,,1412,199,,0.39,1238,116,,233
663,,1395,216,,0.14,1232,114,,233
664,,1411,215,,0.42,1138,98,,238
665,,1725,265,0.007001,0.59,2242,120,,240
666,,1725,265,0.007001,0.59,2242,120,,269
667,,1633,263,0.014001,0.81,2228,120,,275
668,,1714,281,0.007001,0.92,2612,143,,275
669,,1547,272,,0.67,2189,117,,291
670,,1576,256,,1.46,2190,145,,240
671,,1576,255,,1.46,2189,145,,254
672,,1464,257,0.007001,1.46,1743,133,,240
673,,1636,245,0.007001,1.54,2364,150,,240
674,,1636,245,0.007001,1.54,2364,150,,254
675,,1689,250,0.007001,1.83,2254,145,,240
676,,1688,250,0.007001,1.83,2253,145,,261
677,,1220,116,0.360001,1.2,124,560,1586.000001,196
678,,1300,138,0.250001,2,128,773,1525.000001,195
679,,1410,152,0.200001,1.2,144,737,2403.000001,207
680,,1340,138,0.150001,1.2,140,730,1464.000001,205
681,,1400,148,0.240001,3.2,136,714,1525.000001,211
682,,1375,140,0.150001,1.6,140,710,1159.000001,201
683,,1325,131,0.240001,1.8,140,710,1220.000001,202
684,,1275,140,0.240001,1.2,136,729,1586.000001,202
685,,1556,245,0.230001,2.67,134,792,3074.000001,242
686,,1240,120,1.200001,2,112,727,1335.000001,171
687,,750,75,12.000001,12,76,1350,446.000001,190
688,,398,17.8,0.021001,73.2,743,121,,136
689,,152,12.4,0.064001,2.51,131.3,41.7,,182
690,,167,12.5,0.001001,2.26,130.4,40.9,,184
691,,177,18.2,0.001001,2.3,185.2,33.7,,216
692,,207,14.4,0.010001,1.98,28.9,196,,193
693,,196.8,31.8,0.010001,1.7,37,139.4,,245
694,,187.4,25.4,0.001001,1.5,46.6,124.2,,290
695,,163.4,32.7,0.032001,0.47,69.4,3.68,,310
696,,203,24.2,0.054001,3,24.1,249,,195
697,,206,25.7,0.047001,2.55,24.4,232.7,,203
698,,230.9,27.6,0.004001,2.26,26.5,209.2,,215
699,,10025,1230,,555,17710,,,240
700,,12589,2342,,1281,22810,,,305
701,,5090,1180,,480,10200,,,315
702,,1325,131,0.240001,1.8,140,710,,202
703,,1275,140,0.240001,1.2,136,729,,202
704,,160,11.05,0.002001,1.62,130.17,43.5,,169
705,,160,12.25,0.003001,1.86,135.67,42.34,,168
706,,189,9.2,0.007001,2.08,124,70.3,,178
707,,167,12.7,,2.05,132,41.5,,181
